Kellie Paulin,23,programer,2400.00
Nida Speicher,50,cook,1005.00
Ayana Watford,34,taxi driver,120.45
Robbi Liang,27,programer,1674.35
Glenda Endo,23,programer,5499.24
Chadwick Agular,20,taxi driver,20005.43
Leota Alvares,25,cook,2359.35
Samella Tufts,27,programer,2410.00
Magaret Caesar,34,programer,60590.20
Hazel Trammel,45,director,35755.01
Willia Tocci,47,cook,32601.00
Nestor Knappenberger,35,sport,17845.19
Boris Delafuente,23,programer,6400.50
Talitha Cusumano,48,sport,9654.00
Lilla Bloomberg,35,director,1474.98
Meagan Riddle,25,sport,1553.15
Wm Mickel,31,cook,600.01
Sade Shatley,21,director,20.50
Ramon Koepp,36,taxi driver,1516.09
Tinisha Water,41,sport,3785.78
Karisa Mcmurray,47,sport,6500.00
Janean Teaster,43,taxi driver,7456.60
Hillary Mona,25,cook,7089.00
Stephany Marbury,39,taxi driver,5024.04
Charita Woomer,40,programer,3630.53
Garfield Tolley,41,taxi driver,675.95
Laraine Levier,31,sport,3688.00
Chastity Budd,25,programer,1585.00
Elicia Resendez,19,director,6570.75
Ouida Brice,18,director,876.00
